{"root":[{"assemblyName":"Assembly-CSharp-firstpass","nameSpace":"PixelCrushers","className":"MessageSystem","methodName":"InitStaticVariables","loadTypes":4,"isUnityClass":false},{"assemblyName":"Assembly-CSharp-firstpass","nameSpace":"PixelCrushers","className":"GameTime","methodName":"InitStaticVariables","loadTypes":4,"isUnityClass":false},{"assemblyName":"Assembly-CSharp-firstpass","nameSpace":"PixelCrushers","className":"SaveSystem","methodName":"InitStaticVariables","loadTypes":4,"isUnityClass":false},{"assemblyName":"Assembly-CSharp-firstpass","nameSpace":"PixelCrushers","className":"GlobalTextTable","methodName":"InitStaticVariables","loadTypes":4,"isUnityClass":false},{"assemblyName":"Assembly-CSharp-firstpass","nameSpace":"PixelCrushers","className":"InputDeviceManager","methodName":"InitStaticVariables","loadTypes":4,"isUnityClass":false},{"assemblyName":"Assembly-CSharp-firstpass","nameSpace":"PixelCrushers.DialogueSystem","className":"Lua","methodName":"InitStaticVariables","loadTypes":4,"isUnityClass":false},{"assemblyName":"Assembly-CSharp-firstpass","nameSpace":"PixelCrushers.DialogueSystem","className":"BarkController","methodName":"InitStaticVariables","loadTypes":4,"isUnityClass":false},{"assemblyName":"Assembly-CSharp-firstpass","nameSpace":"PixelCrushers.DialogueSystem","className":"DialogueSystemSceneEvents","methodName":"InitStaticVariables","loadTypes":4,"isUnityClass":false},{"assemblyName":"Assembly-CSharp-firstpass","nameSpace":"PixelCrushers.DialogueSystem","className":"DialogueLua","methodName":"InitStaticVariables","loadTypes":4,"isUnityClass":false},{"assemblyName":"Assembly-CSharp-firstpass","nameSpace":"PixelCrushers.DialogueSystem","className":"Sequencer","methodName":"InitStaticVariables","loadTypes":4,"isUnityClass":false},{"assemblyName":"Assembly-CSharp-firstpass","nameSpace":"PixelCrushers.DialogueSystem","className":"BarkGroupManager","methodName":"InitStaticVariables","loadTypes":4,"isUnityClass":false},{"assemblyName":"Assembly-CSharp-firstpass","nameSpace":"PixelCrushers.DialogueSystem","className":"DialogueManager","methodName":"InitStaticVariables","loadTypes":4,"isUnityClass":false},{"assemblyName":"Assembly-CSharp-firstpass","nameSpace":"PixelCrushers.DialogueSystem","className":"DialogueSystemController","methodName":"InitStaticVariables","loadTypes":4,"isUnityClass":false},{"assemblyName":"Assembly-CSharp-firstpass","nameSpace":"PixelCrushers.DialogueSystem","className":"Localization","methodName":"InitStaticVariables","loadTypes":4,"isUnityClass":false},{"assemblyName":"Assembly-CSharp-firstpass","nameSpace":"PixelCrushers.DialogueSystem","className":"PersistentDataManager","methodName":"InitStaticVariables","loadTypes":4,"isUnityClass":false},{"assemblyName":"Assembly-CSharp-firstpass","nameSpace":"PixelCrushers.DialogueSystem","className":"StandardUISelectorElements","methodName":"InitStaticVariables","loadTypes":4,"isUnityClass":false},{"assemblyName":"Assembly-CSharp-firstpass","nameSpace":"PixelCrushers.DialogueSystem","className":"UITools","methodName":"InitStaticVariables","loadTypes":4,"isUnityClass":false},{"assemblyName":"Assembly-CSharp-firstpass","nameSpace":"PixelCrushers.DialogueSystem","className":"ConversationPositionStack","methodName":"InitStaticVariables","loadTypes":4,"isUnityClass":false}]}
